{
    "rmse": 0.6600209499506843,
    "mae": 0.5088513710462798,
    "r2": 0.34980947108387506
}