{
    "rmse": 0.6013747642551984,
    "mae": 0.46523743675204365,
    "r2": 0.40807462321208643
}